,counts,F,NF,PF
counts,1.0,0.16204732681784015,-0.1614204788951007,0.03422554294290077
F,0.16204732681784015,1.0,-0.35472774870445994,-0.5257837940930117
NF,-0.1614204788951007,-0.35472774870445994,1.0,-0.39130550724465807
PF,0.03422554294290077,-0.5257837940930117,-0.39130550724465807,1.0
