,position,fee_converted
0,Attackers,8.175177755867702
1,Defenders,5.512617560235862
2,Goalkeeper,4.510301630044134
3,Midfielders,7.310013557505207
